year,correlation_foreigners_fam_comp,correlation_minors_tot_M,correlation_minors_tot_F,correlation_minors_seniors,correlation_minors_foreigners,correlation_tot_avg_distan,correlation_children_avg_distan,correlation_seniors_avg_distan,correlation_tot_accidents_tot_population,correlation_public_accidents_tot_population,correlation_tot_accidents_minors,correlation_public_accidents_minors,correlation_tot_accidents_fam_comp,correlation_public_accidents_fam_comp
2012,0.83961757495371,0.9834906825763667,0.9565575230185738,0.8895912717077633,0.6660980357728405,0.6523479461485728,0.6057127664259783,0.5989560224887505,0.4643641761418259,-0.3321172799442639,0.3886124481914388,-0.3899194253000628,-0.1782350213337997,-0.7253068191312313
2019,0.9150189642825555,0.9699805861584663,0.9316859337156098,0.8554728284506893,0.768283986114599,0.648842597712183,0.615066762697279,0.6039432066158514,0.6156828460922986,-0.11949541829036983,0.6338797447595559,-0.16380782766432705,0.1650308680608272,-0.3547518618000425
